region,date,rain_mm,source
Pollachi,2026-09-28,3.6,open-meteo live forecast
Pollachi,2026-09-29,0.2,open-meteo live forecast
Pollachi,2026-09-30,0.0,open-meteo live forecast
Pollachi,2026-10-01,12.0,open-meteo live forecast
Pollachi,2026-10-02,1.8,open-meteo live forecast
Pollachi,2026-10-03,0.6,open-meteo live forecast
Pollachi,2026-10-04,0.6,open-meteo live forecast
Pollachi,2026-10-05,3.0,open-meteo live forecast
Pollachi,2026-10-06,4.2,open-meteo live forecast
Pollachi,2026-10-07,8.4,open-meteo live forecast
Pollachi,2026-10-08,0.6,open-meteo live forecast
Pollachi,2026-10-09,15.0,open-meteo live forecast
Pollachi,2026-10-10,5.4,open-meteo live forecast
Pollachi,2026-10-11,1.2,open-meteo live forecast
Pollachi,2026-10-12,0.6,open-meteo live forecast
Pollachi,2026-10-13,2.7,open-meteo live forecast
Kangeyam,2026-09-28,1.7,open-meteo live forecast
Kangeyam,2026-09-29,2.5,open-meteo live forecast
Kangeyam,2026-09-30,2.4,open-meteo live forecast
Kangeyam,2026-10-01,6.7,open-meteo live forecast
Kangeyam,2026-10-02,2.4,open-meteo live forecast
Kangeyam,2026-10-03,0.3,open-meteo live forecast
Kangeyam,2026-10-04,1.2,open-meteo live forecast
Kangeyam,2026-10-05,5.4,open-meteo live forecast
Kangeyam,2026-10-06,4.8,open-meteo live forecast
Kangeyam,2026-10-07,9.6,open-meteo live forecast
Kangeyam,2026-10-08,3.0,open-meteo live forecast
Kangeyam,2026-10-09,2.4,open-meteo live forecast
Kangeyam,2026-10-10,3.6,open-meteo live forecast
Kangeyam,2026-10-11,6.0,open-meteo live forecast
Kangeyam,2026-10-12,1.2,open-meteo live forecast
Kangeyam,2026-10-13,6.0,open-meteo live forecast
Madurai,2026-09-28,6.3,open-meteo live forecast
Madurai,2026-09-29,2.4,open-meteo live forecast
Madurai,2026-09-30,4.8,open-meteo live forecast
Madurai,2026-10-01,25.0,open-meteo live forecast
Madurai,2026-10-02,9.6,open-meteo live forecast
Madurai,2026-10-03,5.4,open-meteo live forecast
Madurai,2026-10-04,2.4,open-meteo live forecast
Madurai,2026-10-05,3.0,open-meteo live forecast
Madurai,2026-10-06,7.8,open-meteo live forecast
Madurai,2026-10-07,3.0,open-meteo live forecast
Madurai,2026-10-08,10.8,open-meteo live forecast
Madurai,2026-10-09,7.8,open-meteo live forecast
Madurai,2026-10-10,7.2,open-meteo live forecast
Madurai,2026-10-11,12.0,open-meteo live forecast
Madurai,2026-10-12,10.2,open-meteo live forecast
Madurai,2026-10-13,1.6,open-meteo live forecast
Salem,2026-09-28,6.2,open-meteo live forecast
Salem,2026-09-29,6.8,open-meteo live forecast
Salem,2026-09-30,2.4,open-meteo live forecast
Salem,2026-10-01,7.8,open-meteo live forecast
Salem,2026-10-02,0.9,open-meteo live forecast
Salem,2026-10-03,3.3,open-meteo live forecast
Salem,2026-10-04,1.2,open-meteo live forecast
Salem,2026-10-05,6.0,open-meteo live forecast
Salem,2026-10-06,3.0,open-meteo live forecast
Salem,2026-10-07,4.8,open-meteo live forecast
Salem,2026-10-08,5.4,open-meteo live forecast
Salem,2026-10-09,3.6,open-meteo live forecast
Salem,2026-10-10,3.6,open-meteo live forecast
Salem,2026-10-11,6.0,open-meteo live forecast
Salem,2026-10-12,7.8,open-meteo live forecast
Salem,2026-10-13,9.8,open-meteo live forecast
Peravurani,2026-09-28,0.4,open-meteo live forecast
Peravurani,2026-09-29,0.5,open-meteo live forecast
Peravurani,2026-09-30,15.9,open-meteo live forecast
Peravurani,2026-10-01,7.4,open-meteo live forecast
Peravurani,2026-10-02,0.3,open-meteo live forecast
Peravurani,2026-10-03,1.2,open-meteo live forecast
Peravurani,2026-10-04,2.4,open-meteo live forecast
Peravurani,2026-10-05,6.6,open-meteo live forecast
Peravurani,2026-10-06,1.8,open-meteo live forecast
Peravurani,2026-10-07,4.2,open-meteo live forecast
Peravurani,2026-10-08,5.4,open-meteo live forecast
Peravurani,2026-10-09,3.0,open-meteo live forecast
Peravurani,2026-10-10,2.4,open-meteo live forecast
Peravurani,2026-10-11,6.0,open-meteo live forecast
Peravurani,2026-10-12,4.2,open-meteo live forecast
Peravurani,2026-10-13,5.0,open-meteo live forecast
