region,fiscal_year,fiscal_quarter,rain_mm,monsoon_idx,rain_lag1,rain_lag2,monsoon_cum,extreme_wet,dry_spell
Kangeyam,2021,FQ1,157.0,0.6235297711789326,157.0,157.0,0.6235297711789326,0,0
Kangeyam,2021,FQ2,344.7,1.3689854275501787,157.0,344.7,1.9925151987291114,0,0
Kangeyam,2021,FQ3,469.0,1.8626462591268749,344.7,157.0,3.8551614578559867,0,0
Kangeyam,2021,FQ4,87.1,0.3459200195521339,469.0,344.7,4.20108147740812,0,0
Kangeyam,2022,FQ1,194.5,0.7724620413649833,87.1,469.0,0.7724620413649834,0,0
Kangeyam,2022,FQ2,277.9,1.1036874102587602,194.5,87.1,1.8761494516237436,0,0
Kangeyam,2022,FQ3,727.3,2.8884917361683926,277.9,194.5,4.764641187792136,1,0
Kangeyam,2022,FQ4,34.6,0.13741484129166284,727.3,277.9,4.902056029083799,0,1
Kangeyam,2023,FQ1,239.5,0.9511807655882443,34.6,727.3,0.9511807655882444,0,0
Kangeyam,2023,FQ2,333.0,1.322518559252131,239.5,34.6,2.273699324840375,0,0
Kangeyam,2023,FQ3,477.1,1.894815629487062,333.0,239.5,4.168514954327437,0,0
Kangeyam,2023,FQ4,28.9,0.11477713622338312,477.1,333.0,4.2832920905508205,0,1
Kangeyam,2024,FQ1,173.6,0.689457122781291,28.9,477.1,0.6894571227812911,0,0
Kangeyam,2024,FQ2,227.9,0.9051110500106926,173.6,28.9,1.5945681727919838,0,0
Kangeyam,2024,FQ3,498.9,1.9813949225552194,227.9,173.6,3.5759630953472032,1,0
Kangeyam,2024,FQ4,63.8,0.2533834356765344,498.9,227.9,3.8293465310237376,0,0
Kangeyam,2025,FQ1,344.20000000000005,1.3669996639476982,63.8,498.9,1.3669996639476982,0,0
Kangeyam,2025,FQ2,294.9,1.1712033727431033,344.20000000000005,63.8,2.5382030366908017,0,0
Kangeyam,2025,FQ3,566.3,2.2490758561696147,294.9,344.20000000000005,4.787278892860416,1,0
Kangeyam,2025,FQ4,82.7,0.32844529985030396,566.3,294.9,5.11572419271072,0,0
Kangeyam,2026,FQ1,168.5,0.6692023340359882,82.7,566.3,0.6692023340359882,0,0
Kangeyam,2026,FQ2,154.5,0.6136009531665292,168.5,82.7,1.2828032872025175,0,0
Kangeyam,2026,FQ3,332.3,1.319738490208658,154.5,168.5,2.6025417774111754,0,0
Kangeyam,2026,FQ4,53.9,0.21406531634741696,332.3,154.5,2.8166070937585928,0,1
Kangeyam,2027,FQ1,108.9,0.43249931262029145,53.9,332.3,0.4324993126202915,0,0
Kangeyam,2027,FQ2,105.60000000000001,0.419393272843919,108.9,53.9,0.8518925854642105,0,0
Madurai,2021,FQ1,162.7,0.5100928493910527,162.7,162.7,0.5100928493910527,0,0
Madurai,2021,FQ2,265.8,0.8333293138791753,162.7,265.8,1.343422163270228,0,0
Madurai,2021,FQ3,623.4,1.9544676232967564,265.8,162.7,3.2978897865669845,0,0
Madurai,2021,FQ4,180.1,0.5646448812251297,623.4,265.8,3.8625346677921137,0,0
Madurai,2022,FQ1,248.3,0.7784637646207646,180.1,623.4,0.7784637646207646,0,0
Madurai,2022,FQ2,203.0,0.6364403713975643,248.3,180.1,1.4149041360183288,0,0
Madurai,2022,FQ3,913.5,2.863981671289039,203.0,248.3,4.2788858073073675,1,0
Madurai,2022,FQ4,24.2,0.07587121668877367,913.5,203.0,4.354757023996141,0,1
Madurai,2023,FQ1,357.1,1.1195707222959124,24.2,913.5,1.1195707222959124,0,0
Madurai,2023,FQ2,330.6,1.0364886048474617,357.1,24.2,2.156059327143374,0,0
Madurai,2023,FQ3,756.0,2.3701917279633427,330.6,357.1,4.526251055106717,1,0
Madurai,2023,FQ4,71.4,0.22385144097431572,756.0,330.6,4.750102496081033,0,1
Madurai,2024,FQ1,292.5,0.9170384661762933,71.4,756.0,0.9170384661762933,0,0
Madurai,2024,FQ2,333.4,1.0452670927288075,292.5,71.4,1.9623055589051006,0,0
Madurai,2024,FQ3,588.9,1.8463041119016037,333.4,292.5,3.8086096708067045,0,0
Madurai,2024,FQ4,83.7,0.2624140841673701,588.9,333.4,4.071023754974075,0,1
Madurai,2025,FQ1,383.20000000000005,1.2013987700470279,83.7,588.9,1.2013987700470279,0,0
Madurai,2025,FQ2,314.7,0.9866393343783914,383.20000000000005,83.7,2.1880381044254196,0,0
Madurai,2025,FQ3,726.3,2.277077052936211,314.7,383.20000000000005,4.46511515736163,1,0
Madurai,2025,FQ4,161.89999999999998,0.5075847099963824,726.3,314.7,4.9726998673580125,0,0
Madurai,2026,FQ1,167.6,0.5254552031834077,161.89999999999998,726.3,0.5254552031834077,0,0
Madurai,2026,FQ2,223.10000000000002,0.6994573736886531,167.6,161.89999999999998,1.224912576872061,0,0
Madurai,2026,FQ3,484.20000000000005,1.518051368624141,223.10000000000002,167.6,2.742963945496202,0,0
Madurai,2026,FQ4,94.5,0.29627396599541783,484.20000000000005,223.10000000000002,3.03923791149162,0,0
Madurai,2027,FQ1,156.2,0.4897142168093573,94.5,484.20000000000005,0.4897142168093573,0,0
Madurai,2027,FQ2,146.70000000000002,0.4599300614976487,156.2,94.5,0.9496442783070058,0,0
Peravurani,2021,FQ1,130.4,0.3332907348242812,130.4,130.4,0.3332907348242812,0,0
Peravurani,2021,FQ2,359.5,0.918849840255591,130.4,359.5,1.2521405750798722,0,0
Peravurani,2021,FQ3,939.2,2.4005111821086262,359.5,130.4,3.652651757188498,1,0
Peravurani,2021,FQ4,222.70000000000002,0.5692012779552716,939.2,359.5,4.22185303514377,0,0
Peravurani,2022,FQ1,153.6,0.39258785942492014,222.70000000000002,939.2,0.39258785942492014,0,0
Peravurani,2022,FQ2,356.2,0.9104153354632587,153.6,222.70000000000002,1.3030031948881788,0,0
Peravurani,2022,FQ3,990.9000000000001,2.5326517571884986,356.2,153.6,3.8356549520766774,1,0
Peravurani,2022,FQ4,84.69999999999999,0.21648562300319485,990.9000000000001,356.2,4.052140575079872,0,1
Peravurani,2023,FQ1,261.3,0.6678594249201278,84.69999999999999,990.9000000000001,0.6678594249201278,0,0
Peravurani,2023,FQ2,434.6,1.1107987220447284,261.3,84.69999999999999,1.7786581469648564,0,0
Peravurani,2023,FQ3,571.0,1.4594249201277956,434.6,261.3,3.238083067092652,0,0
Peravurani,2023,FQ4,129.0,0.32971246006389776,571.0,434.6,3.56779552715655,0,0
Peravurani,2024,FQ1,277.0,0.7079872204472843,129.0,571.0,0.7079872204472843,0,0
Peravurani,2024,FQ2,452.6,1.1568051118210863,277.0,129.0,1.8647923322683706,0,0
Peravurani,2024,FQ3,930.4,2.3780191693290735,452.6,277.0,4.242811501597444,1,0
Peravurani,2024,FQ4,193.1,0.49354632587859426,930.4,452.6,4.736357827476038,0,0
Peravurani,2025,FQ1,569.2,1.45482428115016,193.1,930.4,1.45482428115016,0,0
Peravurani,2025,FQ2,311.2,0.7953993610223642,569.2,193.1,2.250223642172524,0,0
Peravurani,2025,FQ3,823.9,2.105814696485623,311.2,569.2,4.356038338658147,0,0
Peravurani,2025,FQ4,148.1,0.37853035143769964,823.9,311.2,4.734568690095847,0,0
Peravurani,2026,FQ1,238.8,0.6103514376996806,148.1,823.9,0.6103514376996806,0,0
Peravurani,2026,FQ2,351.3,0.897891373801917,238.8,148.1,1.5082428115015976,0,0
Peravurani,2026,FQ3,786.8,2.010990415335463,351.3,238.8,3.519233226837061,0,0
Peravurani,2026,FQ4,126.5,0.3233226837060703,786.8,351.3,3.842555910543131,0,1
Peravurani,2027,FQ1,213.1,0.5446645367412141,126.5,786.8,0.5446645367412141,0,0
Peravurani,2027,FQ2,117.4,0.3000638977635783,213.1,126.5,0.8447284345047923,0,1
Pollachi,2021,FQ1,148.39999999999998,0.5470657460051893,148.39999999999998,148.39999999999998,0.5470657460051893,0,0
Pollachi,2021,FQ2,472.9,1.7433112620340567,148.39999999999998,472.9,2.290377008039246,1,0
Pollachi,2021,FQ3,356.0,1.3123679621148747,472.9,148.39999999999998,3.602744970154121,0,0
Pollachi,2021,FQ4,101.19999999999999,0.3730663982191722,356.0,472.9,3.9758113683732934,0,0
Pollachi,2022,FQ1,323.5,1.1925590891689943,101.19999999999999,356.0,1.1925590891689943,0,0
Pollachi,2022,FQ2,362.2,1.3352238086460888,323.5,101.19999999999999,2.5277828978150834,0,0
Pollachi,2022,FQ3,668.0,2.4625331423953267,362.2,323.5,4.99031604021041,1,0
Pollachi,2022,FQ4,12.899999999999999,0.04755490649236484,668.0,362.2,5.037870946702776,0,1
Pollachi,2023,FQ1,287.2,1.0587417941555954,12.899999999999999,668.0,1.0587417941555954,0,0
Pollachi,2023,FQ2,460.3,1.696862283599654,287.2,12.899999999999999,2.7556040777552497,0,0
Pollachi,2023,FQ3,376.6,1.3883083554282636,460.3,287.2,4.143912433183512,0,0
Pollachi,2023,FQ4,34.1,0.1257071559216776,376.6,460.3,4.269619589105191,0,1
Pollachi,2024,FQ1,161.2,0.5942520098115668,34.1,376.6,0.5942520098115668,0,0
Pollachi,2024,FQ2,288.5,1.0635341490734307,161.2,34.1,1.6577861588849976,0,0
Pollachi,2024,FQ3,439.3,1.619447319542316,288.5,161.2,3.2772334784273136,0,0
Pollachi,2024,FQ4,43.9,0.1618341391484354,439.3,288.5,3.439067617575749,0,1
Pollachi,2025,FQ1,475.59999999999997,1.7532646145557145,43.9,439.3,1.7532646145557145,1,0
Pollachi,2025,FQ2,308.4,1.1368940435849082,475.59999999999997,43.9,2.890158658140623,0,0
Pollachi,2025,FQ3,330.6,1.2187327198740945,308.4,475.59999999999997,4.108891378014717,0,0
Pollachi,2025,FQ4,77.7,0.28643536701215105,330.6,308.4,4.3953267450268685,0,0
Pollachi,2026,FQ1,403.4,1.4871045952728663,77.7,330.6,1.4871045952728663,0,0
Pollachi,2026,FQ2,200.0,0.7372853719746487,403.4,77.7,2.224389967247515,0,0
Pollachi,2026,FQ3,335.1,1.235321640743524,200.0,403.4,3.4597116079910393,0,0
Pollachi,2026,FQ4,44.6,0.16441463795034666,335.1,200.0,3.624126245941386,0,0
Pollachi,2027,FQ1,168.20000000000002,0.6200569978306796,44.6,335.1,0.6200569978306796,0,0
Pollachi,2027,FQ2,173.1,0.6381204894440584,168.20000000000002,44.6,1.258177487274738,0,0
Salem,2021,FQ1,187.4,0.679070674973171,187.4,187.4,0.6790706749731712,0,0
Salem,2021,FQ2,486.6,1.763264623489568,187.4,486.6,2.4423352984627393,0,0
Salem,2021,FQ3,389.3,1.4106841716491754,486.6,187.4,3.853019470111915,0,0
Salem,2021,FQ4,43.5,0.1576284651085002,389.3,486.6,4.010647935220415,0,1
Salem,2022,FQ1,189.4,0.686317960725286,43.5,389.3,0.6863179607252861,0,0
Salem,2022,FQ2,341.1,1.2360245850232052,189.4,43.5,1.9223425457484913,0,0
Salem,2022,FQ3,609.8,2.2096974258198485,341.1,189.4,4.13203997156834,1,0
Salem,2022,FQ4,11.6,0.04203425736226672,609.8,341.1,4.174074228930607,0,1
Salem,2023,FQ1,324.9,1.1773215704310738,11.6,609.8,1.177321570431074,0,0
Salem,2023,FQ2,483.1,1.7505818734233667,324.9,11.6,2.9279034438544413,0,0
Salem,2023,FQ3,489.7,1.7744979164053458,483.1,324.9,4.702401360259787,1,0
Salem,2023,FQ4,79.4,0.2877172443589636,489.7,483.1,4.9901186046187505,0,0
Salem,2024,FQ1,212.4,0.7696617468746079,79.4,489.7,0.7696617468746081,0,0
Salem,2024,FQ2,345.7,1.2526933422530693,212.4,79.4,2.022355089127678,0,0
Salem,2024,FQ3,285.7,1.0352747696896207,345.7,212.4,3.0576298588172985,0,0
Salem,2024,FQ4,49.699999999999996,0.18009505094005654,285.7,345.7,3.2377249097573553,0,0
Salem,2025,FQ1,382.20000000000005,1.3849563072291675,49.699999999999996,285.7,1.3849563072291677,0,0
Salem,2025,FQ2,365.3,1.323716742623796,382.20000000000005,49.699999999999996,2.7086730498529636,0,0
Salem,2025,FQ3,524.8,1.9016877813549633,365.3,382.20000000000005,4.610360831207927,1,0
Salem,2025,FQ4,45.7,0.16560047943582665,524.8,365.3,4.775961310643754,0,0
Salem,2026,FQ1,239.9,0.8693119259661884,45.7,524.8,0.8693119259661887,0,0
Salem,2026,FQ2,454.6,1.6473080514557286,239.9,45.7,2.5166199774219176,0,0
Salem,2026,FQ3,227.0,0.822566932865047,454.6,239.9,3.3391869102869647,0,0
Salem,2026,FQ4,35.900000000000006,0.13008877925046342,227.0,454.6,3.469275689537428,0,1
Salem,2027,FQ1,177.1,0.6417471533497789,35.900000000000006,227.0,0.641747153349779,0,0
Salem,2027,FQ2,193.3,0.7004501679419102,177.1,35.900000000000006,1.3421973212916893,0,0
