supplier,region,fiscal_year,fiscal_quarter,latest_q_dispatch_MT,trailing_4q_avg_MT,our_share_pct,decline_risk,risk_band,forecast_next_q_MT,forecast_p10_MT,forecast_p90_MT,expected_next_q_MT
Krishna Coir,Pollachi,2027,FQ1,0.0,12.25,0.0,0.821,Critical,5.7,0.0,15.6,3.5
J&D Pith Blocks,Pollachi,2027,FQ1,0.0,6.25,0.0,0.819,Critical,2.9,0.0,8.0,1.8
Kannamal Fibre,Pollachi,2027,FQ1,0.0,6.25,0.0,0.819,Critical,2.9,0.0,8.0,1.8
Siva Fiber Products,Pollachi,2027,FQ1,0.0,6.25,0.0,0.819,Critical,2.9,0.0,8.0,1.8
Vasantha Fibers,Pollachi,2027,FQ1,0.0,6.25,0.0,0.819,Critical,2.9,0.0,8.0,1.8
PKS Coir,Pollachi,2027,FQ1,0.0,5.0,0.0,0.819,Critical,2.3,0.0,6.4,1.4
AKS Coirs (Vivek),Salem,2027,FQ1,0.0,6.25,0.0,0.791,Critical,8.1,0.0,22.0,2.9
Sujaatha Exim,Madurai,2027,FQ1,0.0,7.75,0.0,0.789,Critical,5.7,0.0,15.4,2.7
Sai Marketing,Madurai,2027,FQ1,0.0,5.25,0.0,0.789,Critical,3.8,0.0,10.5,1.8
Sun Fiber,Madurai,2027,FQ1,0.0,4.0,0.0,0.789,Critical,2.9,0.0,8.0,1.4
MMS Coir,Madurai,2027,FQ1,0.0,5.0,0.0,0.789,Critical,3.7,0.0,10.0,1.8
Karuppusamy Coir Industries,Madurai,2027,FQ1,0.0,5.0,0.0,0.789,Critical,3.7,0.0,10.0,1.8
N K S Fibers,Madurai,2027,FQ1,0.0,3.75,0.0,0.789,Critical,2.7,0.0,7.5,1.3
TGS Coir,Madurai,2027,FQ1,0.0,4.0,0.0,0.789,Critical,2.9,0.0,8.0,1.4
Jesus Coir Agro,Madurai,2027,FQ1,0.0,4.0,0.0,0.789,Critical,2.9,0.0,8.0,1.4
Karuppusamy Coir,Madurai,2027,FQ1,0.0,4.0,0.0,0.789,Critical,2.9,0.0,8.0,1.4
Nivetha Coir Products,Madurai,2027,FQ1,0.0,3.0,0.0,0.789,Critical,2.2,0.0,6.0,1.1
Sri Ayyanar Coco Pith Products,Madurai,2027,FQ1,0.0,2.0,0.0,0.789,Critical,1.5,0.0,4.0,0.7
Jaya Coco Pith,Madurai,2027,FQ1,0.0,1.75,0.0,0.789,Critical,1.3,0.0,3.5,0.6
Niveepree Coir,Kangeyam,2027,FQ1,0.0,6.25,0.0,0.767,Critical,6.2,0.0,17.0,2.6
Pranesh Coir,Pollachi,2027,FQ1,0.0,31.25,0.0,0.723,Critical,14.6,0.0,39.8,9.7
Corootz,Pollachi,2027,FQ1,0.0,18.5,0.0,0.721,Critical,8.6,0.0,23.6,5.7
Ever Shine Pith Bricks,Pollachi,2027,FQ1,0.0,6.0,0.0,0.72,Critical,2.8,0.0,7.6,1.9
KG Coir Products,Pollachi,2027,FQ1,0.0,5.5,0.0,0.72,Critical,2.6,0.0,7.0,1.7
Sri Hydroponic,Pollachi,2027,FQ1,0.0,6.25,0.0,0.72,Critical,2.9,0.0,8.0,1.9
Standard Agro Tech,Pollachi,2027,FQ1,0.0,5.0,0.0,0.72,Critical,2.3,0.0,6.4,1.5
Vengadeswara Coir,Pollachi,2027,FQ1,0.0,5.75,0.0,0.709,Critical,2.7,0.0,7.3,1.8
Sivasakthi Fibre Products Export,Pollachi,2027,FQ1,0.0,45.0,0.0,0.702,Critical,21.0,0.0,57.3,14.2
Velaven Coir,Madurai,2027,FQ1,0.0,59.0,0.0,0.677,Moderate,43.1,0.0,117.5,23.9
Sri Kamalan Co Coir Industry,Salem,2027,FQ1,0.0,11.0,0.0,0.674,Moderate,14.2,0.0,38.8,6.5
PRS Coco Pith,Salem,2027,FQ1,0.0,6.25,0.0,0.673,Moderate,8.1,0.0,22.0,3.7
Unique Coirs - Prabu Coir,Salem,2027,FQ1,0.0,6.25,0.0,0.673,Moderate,8.1,0.0,22.0,3.7
Guna Coir,Salem,2027,FQ1,0.0,6.25,0.0,0.673,Moderate,8.1,0.0,22.0,3.7
SUGHAVESH NATURAL FIBRE,Salem,2027,FQ1,0.0,5.5,0.0,0.673,Moderate,7.1,0.0,19.4,3.2
V Star Coirs,Madurai,2027,FQ1,0.0,11.25,0.0,0.67,Moderate,8.2,0.0,22.4,4.6
Shine Coir,Madurai,2027,FQ1,0.0,6.5,0.0,0.67,Moderate,4.7,0.0,12.9,2.6
Pachiyammal Coco product,Salem,2027,FQ1,0.0,6.25,0.0,0.661,Moderate,8.1,0.0,22.0,3.8
Natural Fiber,Kangeyam,2027,FQ1,0.0,6.0,0.0,0.635,Moderate,6.0,0.0,16.4,3.1
Vortex Bio Fuel -Selliyamman Coconut Product,Kangeyam,2027,FQ1,0.0,17.25,0.0,0.631,Moderate,17.2,0.0,47.0,9.1
Palaniyandavar Coirs,Kangeyam,2027,FQ1,0.0,27.25,0.0,0.622,Moderate,27.2,0.0,74.3,14.5
Sri Krishna Coir Impexs,Pollachi,2027,FQ1,0.0,180.0,0.0,0.583,Moderate,84.1,0.0,229.3,61.3
Vishvajith Fiber,Pollachi,2027,FQ1,0.0,242.25,0.0,0.581,Moderate,113.2,0.0,308.6,82.6
Sri Hariharasudhan Coirs,Pollachi,2027,FQ1,0.0,224.25,0.0,0.576,Moderate,104.8,0.0,285.6,76.7
Sri Palaniandavar Coir,Pollachi,2027,FQ1,0.0,31.0,0.0,0.57,Moderate,14.5,0.0,39.5,10.7
SKS Coir,Pollachi,2027,FQ1,0.0,37.5,0.0,0.569,Moderate,17.5,0.0,47.8,12.9
Dhamas Coir,Pollachi,2027,FQ1,0.0,25.0,0.0,0.568,Moderate,11.7,0.0,31.8,8.6
Sri Murugan Fibre,Pollachi,2027,FQ1,0.0,25.0,0.0,0.568,Moderate,11.7,0.0,31.8,8.6
Venkatajalapathi Fibers,Pollachi,2027,FQ1,0.0,18.75,0.0,0.567,Moderate,8.8,0.0,23.9,6.5
Sri Amman coir Product,Pollachi,2027,FQ1,0.0,18.75,0.0,0.567,Moderate,8.8,0.0,23.9,6.5
Jothi Fibre,Pollachi,2027,FQ1,0.0,18.75,0.0,0.567,Moderate,8.8,0.0,23.9,6.5
Rajathi Coir,Pollachi,2027,FQ1,0.0,12.5,0.0,0.566,Moderate,5.8,0.0,15.9,4.3
Aiswarya Coir,Pollachi,2027,FQ1,0.0,6.0,0.0,0.566,Moderate,2.8,0.0,7.6,2.1
Green Coco Galuxy,Pollachi,2027,FQ1,0.0,12.5,0.0,0.566,Moderate,5.8,0.0,15.9,4.3
Parven Coirs,Pollachi,2027,FQ1,0.0,10.0,0.0,0.566,Moderate,4.7,0.0,12.7,3.5
SST Coir,Pollachi,2027,FQ1,0.0,6.25,0.0,0.565,Moderate,2.9,0.0,8.0,2.1
Kaveri Fibres,Pollachi,2027,FQ1,0.0,6.25,0.0,0.565,Moderate,2.9,0.0,8.0,2.1
A J Coir,Pollachi,2027,FQ1,0.0,6.25,0.0,0.565,Moderate,2.9,0.0,8.0,2.1
Vivo AG Tech Products,Pollachi,2027,FQ1,0.0,6.25,0.0,0.565,Moderate,2.9,0.0,8.0,2.1
Nagajothi Fibres,Pollachi,2027,FQ1,0.0,6.25,0.0,0.565,Moderate,2.9,0.0,8.0,2.1
Visnu Fibers,Pollachi,2027,FQ1,0.0,4.5,0.0,0.565,Moderate,2.1,0.0,5.7,1.5
Sri Sri Fibre,Pollachi,2027,FQ1,0.0,35.75,0.0,0.564,Moderate,16.7,0.0,45.5,12.3
AYYANAR COIR PRODUCT,Pollachi,2027,FQ1,0.0,12.5,0.0,0.563,Moderate,5.8,0.0,15.9,4.3
Kyro Coirs,Pollachi,2027,FQ1,0.0,78.0,0.0,0.562,Moderate,36.4,0.0,99.3,26.9
Sri Raghavendra Fibre,Pollachi,2027,FQ1,0.0,24.0,0.0,0.56,Moderate,11.2,0.0,30.6,8.3
Krishi Horti Pro,Pollachi,2027,FQ1,0.0,4.25,0.0,0.552,Moderate,2.0,0.0,5.4,1.5
VSK coir Product,Pollachi,2027,FQ1,0.0,5.0,0.0,0.551,Moderate,2.3,0.0,6.4,1.7
VV Coir,Pollachi,2027,FQ1,0.0,5.5,0.0,0.551,Moderate,2.6,0.0,7.0,1.9
Sri Lakshmi Coirs,Pollachi,2027,FQ1,0.0,73.75,0.0,0.544,Moderate,34.5,0.0,93.9,25.8
Sai Coco (Ten Star Leesed),Pollachi,2027,FQ1,0.0,35.5,0.0,0.54,Moderate,16.6,0.0,45.2,12.4
Sri Devi Coir,Pollachi,2027,FQ1,0.0,26.5,0.0,0.532,Moderate,12.4,0.0,33.8,9.3
Velavan Coir,Pollachi,2027,FQ1,0.0,42.5,0.0,0.521,Moderate,19.9,0.0,54.1,15.1
Sri Siva Selvi Coirs,Salem,2027,FQ1,0.0,36.75,0.0,0.508,Moderate,47.5,0.0,129.5,28.1
Rathana Coirs,Salem,2027,FQ1,0.0,31.0,0.0,0.508,Moderate,40.1,0.0,109.2,23.7
Vijayabalan Coir,Salem,2027,FQ1,0.0,24.75,0.0,0.507,Moderate,32.0,0.0,87.2,18.9
Sri Murugan Fiber Mills,Salem,2027,FQ1,0.0,17.75,0.0,0.507,Moderate,22.9,0.0,62.5,13.5
RNK Fibers,Salem,2027,FQ1,0.0,12.5,0.0,0.507,Moderate,16.2,0.0,44.0,9.6
Jai Nandhini Coirs,Salem,2027,FQ1,0.0,12.5,0.0,0.505,Moderate,16.2,0.0,44.0,9.6
Imperial Coir,Salem,2027,FQ1,0.0,6.25,0.0,0.505,Moderate,8.1,0.0,22.0,4.8
Sangamam Coirs,Salem,2027,FQ1,0.0,12.5,0.0,0.505,Moderate,16.2,0.0,44.0,9.6
Krishna Fiber,Salem,2027,FQ1,0.0,12.5,0.0,0.505,Moderate,16.2,0.0,44.0,9.6
Mariya Coir Products,Salem,2027,FQ1,0.0,12.0,0.0,0.505,Moderate,15.5,0.0,42.3,9.2
CS Coir Industries,Salem,2027,FQ1,0.0,12.25,0.0,0.505,Moderate,15.8,0.0,43.2,9.4
Sri Kumaran Coir Industry,Salem,2027,FQ1,0.0,6.25,0.0,0.504,Moderate,8.1,0.0,22.0,4.8
Sri Vinayaka Fibres,Madurai,2027,FQ1,0.0,22.75,0.0,0.503,Moderate,16.6,0.0,45.3,11.1
RMSR Coir,Madurai,2027,FQ1,0.0,18.0,0.0,0.503,Moderate,13.1,0.0,35.8,8.8
RMA Raja Coconut Pith Products,Madurai,2027,FQ1,0.0,21.75,0.0,0.502,Moderate,15.9,0.0,43.3,10.6
VGV Traders,Madurai,2027,FQ1,0.0,10.25,0.0,0.501,Moderate,7.5,0.0,20.4,5.0
A P Fibers,Madurai,2027,FQ1,0.0,10.5,0.0,0.501,Moderate,7.7,0.0,20.9,5.2
Prabu Coir,Madurai,2027,FQ1,0.0,6.25,0.0,0.501,Moderate,4.6,0.0,12.4,3.1
Arulperumjothi Coir,Madurai,2027,FQ1,0.0,4.0,0.0,0.5,Moderate,2.9,0.0,8.0,1.9
Jaihind Coir,Salem,2027,FQ1,0.0,78.25,0.0,0.498,Moderate,101.1,0.0,275.7,60.5
Mahalakshmi Coir Industry,Salem,2027,FQ1,0.0,36.0,0.0,0.496,Moderate,46.5,0.0,126.8,27.9
TSM Nature Grow,Salem,2027,FQ1,0.0,12.25,0.0,0.49,Moderate,15.8,0.0,43.2,9.6
Ozone Internationals,Madurai,2027,FQ1,0.0,48.5,0.0,0.49,Moderate,35.4,0.0,96.6,24.0
Bhama Coir,Madurai,2027,FQ1,0.0,13.0,0.0,0.487,Moderate,9.5,0.0,25.9,6.5
Shasti Coir,Madurai,2027,FQ1,0.0,23.25,0.0,0.482,Moderate,17.0,0.0,46.3,11.6
Natural Coco,Kangeyam,2027,FQ1,0.0,178.5,0.0,0.478,Moderate,178.4,0.0,486.5,114.4
M I Coirs,Madurai,2027,FQ1,0.0,11.25,0.0,0.476,Moderate,8.2,0.0,22.4,5.6
Green Universe,Kangeyam,2027,FQ1,0.0,98.0,0.0,0.473,Moderate,98.0,0.0,267.1,63.3
Sabarigiri Fibres,Kangeyam,2027,FQ1,0.0,190.0,0.0,0.469,Moderate,189.9,0.0,517.8,123.1
Naveen Coir,Kangeyam,2027,FQ1,0.0,46.25,0.0,0.465,Moderate,46.2,0.0,126.0,30.1
Aruna Coir,Kangeyam,2027,FQ1,0.0,37.5,0.0,0.464,Moderate,37.5,0.0,102.2,24.5
Selvam Fibers,Kangeyam,2027,FQ1,0.0,17.5,0.0,0.462,Moderate,17.5,0.0,47.7,11.4
SRM Pith Block,Kangeyam,2027,FQ1,0.0,20.25,0.0,0.462,Moderate,20.2,0.0,55.2,13.2
Ganapathy Coco Pith,Kangeyam,2027,FQ1,0.0,12.5,0.0,0.461,Moderate,12.5,0.0,34.1,8.2
MAHA SHANKAR FIBERS,Madurai,2027,FQ1,0.0,27.75,0.0,0.461,Moderate,20.3,0.0,55.3,14.1
Krishtha Fibres,Kangeyam,2027,FQ1,0.0,6.25,0.0,0.461,Moderate,6.2,0.0,17.0,4.1
Harshitha Coir,Kangeyam,2027,FQ1,0.0,6.25,0.0,0.46,Moderate,6.2,0.0,17.0,4.1
Smartsports Coir,Kangeyam,2027,FQ1,0.0,6.25,0.0,0.46,Moderate,6.2,0.0,17.0,4.1
VSM Coir,Kangeyam,2027,FQ1,0.0,6.0,0.0,0.46,Moderate,6.0,0.0,16.4,3.9
Bannariyamman Fibres,Kangeyam,2027,FQ1,0.0,6.25,0.0,0.446,Moderate,6.2,0.0,17.0,4.1
Sri Sivam Coco,Kangeyam,2027,FQ1,0.0,28.75,0.0,0.444,Moderate,28.7,0.0,78.4,19.1
Balu Coir,Pollachi,2027,FQ1,315.0,507.25,0.0,0.425,Moderate,237.0,0.0,646.1,190.1
Venkateshwara Fibers,Pollachi,2027,FQ1,75.0,327.0,0.0,0.419,Moderate,152.8,0.0,416.5,123.0
Jayam Fibre,Kangeyam,2027,FQ1,0.0,47.5,0.0,0.419,Moderate,47.5,0.0,129.4,32.6
Shivanni Coirs,Pollachi,2027,FQ1,593.0,548.25,0.0,0.415,Moderate,256.2,0.0,698.3,206.8
Sri Lakshmi Coirs - Negamam,Pollachi,2027,FQ1,75.0,206.25,0.0,0.409,Moderate,96.4,0.0,262.7,78.0
Jai Sakthi Coir Products,Pollachi,2027,FQ1,423.0,396.75,0.0,0.407,Moderate,185.4,0.0,505.3,150.3
SETHU COCOS,Pollachi,2027,FQ1,225.0,337.75,0.0,0.406,Moderate,157.8,0.0,430.2,128.0
Jacope,Pollachi,2027,FQ1,75.0,205.0,0.0,0.405,Moderate,95.8,0.0,261.1,77.8
Leeds Hydroponic,Pollachi,2027,FQ1,175.0,250.0,0.0,0.404,Moderate,116.8,0.0,318.4,94.8
Mangayar Selvi Coir,Pollachi,2027,FQ1,124.0,235.0,0.0,0.404,Moderate,109.8,0.0,299.3,89.2
Sri Harikrishna Coir Pith Products,Pollachi,2027,FQ1,285.0,279.75,0.0,0.404,Moderate,130.7,0.0,356.3,106.2
Sri Aswin Coirs/Srinivasa Fiber (Unsieved),Pollachi,2027,FQ1,254.0,287.5,0.0,0.402,Moderate,134.3,0.0,366.2,109.2
Sakthi Vinayaga Fibers,Pollachi,2027,FQ1,209.0,200.0,0.0,0.402,Moderate,93.4,0.0,254.7,75.9
Senthur Fibers,Pollachi,2027,FQ1,125.0,226.25,0.0,0.402,Moderate,105.7,0.0,288.2,86.0
Sri Varsini Fibres,Pollachi,2027,FQ1,200.0,261.75,0.0,0.402,Moderate,122.3,0.0,333.4,99.5
Suriya Coir Products,Pollachi,2027,FQ1,49.0,149.5,0.0,0.398,Low,69.8,0.0,190.4,56.9
Arun Coir,Pollachi,2027,FQ1,25.0,118.0,0.0,0.398,Low,55.1,0.0,150.3,44.9
Mathi Coir,Pollachi,2027,FQ1,210.0,230.25,0.0,0.398,Low,107.6,0.0,293.3,87.7
Hari Krishna Coco Products,Pollachi,2027,FQ1,149.0,168.25,0.0,0.398,Low,78.6,0.0,214.3,64.1
PMR Agro Green Fibers,Pollachi,2027,FQ1,101.0,137.75,0.0,0.397,Low,64.4,0.0,175.5,52.5
SRM Coco Coirs,Pollachi,2027,FQ1,50.0,118.75,0.0,0.397,Low,55.5,0.0,151.3,45.3
Skantha Fibres,Pollachi,2027,FQ1,75.0,134.25,0.0,0.397,Low,62.7,0.0,171.0,51.1
Jaisakthi Fibers,Pollachi,2027,FQ1,90.0,129.75,0.0,0.396,Low,60.6,0.0,165.3,49.4
Akshya Fiber,Pollachi,2027,FQ1,99.0,140.5,0.0,0.396,Low,65.6,0.0,179.0,53.5
Kaniskha Coir,Pollachi,2027,FQ1,150.0,155.25,0.0,0.395,Low,72.5,0.0,197.7,59.2
Shri Vinayaga Coirs,Pollachi,2027,FQ1,174.0,170.0,0.0,0.395,Low,79.4,0.0,216.5,64.8
Appan Coir,Pollachi,2027,FQ1,173.0,133.5,0.0,0.394,Low,62.4,0.0,170.0,51.0
Sri Venkateswara Fibres,Pollachi,2027,FQ1,289.0,167.25,0.0,0.394,Low,78.1,0.0,213.0,63.8
Bharani Fibers,Pollachi,2027,FQ1,25.0,42.75,0.0,0.393,Low,20.0,0.0,54.5,16.3
Sri Selvakumaran Coir Bricks,Pollachi,2027,FQ1,25.0,71.25,0.0,0.393,Low,33.3,0.0,90.8,27.2
Sri Fibers,Pollachi,2027,FQ1,24.0,229.0,0.0,0.392,Low,107.0,0.0,291.7,87.5
Veerakumarasamy Fiber,Pollachi,2027,FQ1,125.0,87.25,0.0,0.392,Low,40.8,0.0,111.1,33.4
Parasakthi Cocotex,Pollachi,2027,FQ1,190.0,263.25,0.0,0.392,Low,123.0,0.0,335.3,100.6
K P N Coir Industries,Pollachi,2027,FQ1,25.0,62.5,0.0,0.392,Low,29.2,0.0,79.6,23.9
Ever Green Coir,Pollachi,2027,FQ1,50.0,80.5,0.0,0.392,Low,37.6,0.0,102.5,30.8
Malayandisami Fibres,Pollachi,2027,FQ1,51.0,67.5,0.0,0.391,Low,31.5,0.0,86.0,25.8
Dtree Coco Peat,Pollachi,2027,FQ1,70.0,151.0,0.0,0.391,Low,70.6,0.0,192.3,57.7
Sri Kumaran Fibres,Pollachi,2027,FQ1,25.0,60.25,0.0,0.391,Low,28.2,0.0,76.7,23.1
Senthurvelavan Fibers,Pollachi,2027,FQ1,123.0,166.5,0.0,0.391,Low,77.8,0.0,212.1,63.7
Chidhu Pith Blocks,Pollachi,2027,FQ1,170.0,101.25,0.0,0.391,Low,47.3,0.0,129.0,38.7
New Natural Coco,Pollachi,2027,FQ1,65.0,63.25,0.0,0.391,Low,29.6,0.0,80.6,24.2
Sakthi Trade,Pollachi,2027,FQ1,24.0,52.25,0.0,0.391,Low,24.4,0.0,66.6,20.0
Sri Omkara Traders,Pollachi,2027,FQ1,280.0,132.5,0.0,0.391,Low,61.9,0.0,168.8,50.7
Sri Ragam Fiber,Pollachi,2027,FQ1,13.0,29.5,0.0,0.391,Low,13.8,0.0,37.6,11.3
Iswarya Coir,Pollachi,2027,FQ1,75.0,109.25,0.0,0.391,Low,51.0,0.0,139.2,41.7
Kaliyamman Fibres,Pollachi,2027,FQ1,50.0,55.25,0.0,0.391,Low,25.8,0.0,70.4,21.1
Sri Sai Coco,Pollachi,2027,FQ1,50.0,49.75,0.0,0.39,Low,23.2,0.0,63.4,19.0
Ratham Coir,Pollachi,2027,FQ1,45.0,53.75,0.0,0.39,Low,25.1,0.0,68.5,20.5
SS Agro,Pollachi,2027,FQ1,75.0,67.75,0.0,0.39,Low,31.7,0.0,86.3,25.9
Maruthamalai Murugan Traders,Pollachi,2027,FQ1,90.0,58.75,0.0,0.39,Low,27.4,0.0,74.8,22.4
Ganapthy Coir,Pollachi,2027,FQ1,25.0,31.25,0.0,0.39,Low,14.6,0.0,39.8,12.0
Naval Fibre,Pollachi,2027,FQ1,65.0,32.5,0.0,0.389,Low,15.2,0.0,41.4,12.4
Rayar Fibres,Pollachi,2027,FQ1,50.0,34.5,0.0,0.389,Low,16.1,0.0,43.9,13.2
Alam Coco,Pollachi,2027,FQ1,69.0,40.75,0.0,0.389,Low,19.0,0.0,51.9,15.6
Kadiyamman Fibres,Pollachi,2027,FQ1,25.0,18.75,0.0,0.388,Low,8.8,0.0,23.9,7.2
Om Anugragha,Pollachi,2027,FQ1,25.0,18.75,0.0,0.388,Low,8.8,0.0,23.9,7.2
KPN Coir Industries,Pollachi,2027,FQ1,75.0,31.25,0.0,0.388,Low,14.6,0.0,39.8,12.0
Thampy Industriess,Pollachi,2027,FQ1,100.0,31.25,0.0,0.388,Low,14.6,0.0,39.8,12.0
Vinayaga Coirs,Pollachi,2027,FQ1,54.0,22.25,0.0,0.388,Low,10.4,0.0,28.3,8.5
Nagajothi Fibre,Pollachi,2027,FQ1,25.0,17.5,0.0,0.388,Low,8.2,0.0,22.3,6.7
Janani Coir,Pollachi,2027,FQ1,25.0,12.5,0.0,0.388,Low,5.8,0.0,15.9,4.8
Logesh Fibre Product,Pollachi,2027,FQ1,25.0,6.25,0.0,0.388,Low,2.9,0.0,8.0,2.4
Swami Coirs,Pollachi,2027,FQ1,15.0,3.75,0.0,0.388,Low,1.8,0.0,4.8,1.5
JJ Coir,Pollachi,2027,FQ1,50.0,18.75,0.0,0.388,Low,8.8,0.0,23.9,7.2
Srinath Coir,Pollachi,2027,FQ1,25.0,6.25,0.0,0.387,Low,2.9,0.0,8.0,2.4
Sri Bagavathi Amman Coir,Pollachi,2027,FQ1,25.0,6.25,0.0,0.387,Low,2.9,0.0,8.0,2.4
E M K Coir,Pollachi,2027,FQ1,25.0,6.25,0.0,0.387,Low,2.9,0.0,8.0,2.4
Sri Sivam Fibers,Pollachi,2027,FQ1,25.0,158.75,0.0,0.386,Low,74.2,0.0,202.2,60.9
Sivasakthi Fbre,Pollachi,2027,FQ1,75.0,72.5,0.0,0.386,Low,33.9,0.0,92.3,27.8
Om Velavan Traders,Pollachi,2027,FQ1,25.0,59.25,0.0,0.386,Low,27.7,0.0,75.5,22.7
Vetrivel Coir,Pollachi,2027,FQ1,25.0,37.0,0.0,0.385,Low,17.3,0.0,47.1,14.2
Sri Muthu Fibers,Pollachi,2027,FQ1,97.0,108.0,0.0,0.384,Low,50.5,0.0,137.6,41.5
Dev Coir,Pollachi,2027,FQ1,130.0,140.0,0.0,0.383,Low,65.4,0.0,178.3,53.7
Sri Jayam Fibre Products,Pollachi,2027,FQ1,50.0,155.75,0.0,0.383,Low,72.8,0.0,198.4,59.8
Sri Murugan Thunai Fibres,Pollachi,2027,FQ1,20.0,23.5,0.0,0.383,Low,11.0,0.0,29.9,9.0
Eswari Fibres,Pollachi,2027,FQ1,324.0,347.0,0.0,0.382,Low,162.1,0.0,442.0,133.3
Seniandavar Fibers,Pollachi,2027,FQ1,222.0,250.5,10.36,0.382,Low,117.0,0.0,319.1,96.2
Vel Coir,Pollachi,2027,FQ1,70.0,96.25,0.0,0.38,Low,45.0,0.0,122.6,37.0
Sri Varsan Coirs,Pollachi,2027,FQ1,248.0,262.75,0.0,0.38,Low,122.8,0.0,334.7,101.1
Coco Star,Pollachi,2027,FQ1,100.0,93.75,0.0,0.379,Low,43.8,0.0,119.4,36.1
AVM Hydro Farming Products,Pollachi,2027,FQ1,159.0,71.0,0.0,0.378,Low,33.2,0.0,90.4,27.4
Sobiya coir,Pollachi,2027,FQ1,50.0,133.25,0.0,0.377,Low,62.3,0.0,169.7,51.4
Adithya Coco Products,Pollachi,2027,FQ1,22.0,103.75,0.0,0.376,Low,48.5,0.0,132.1,40.0
Thuran Coir Mills,Pollachi,2027,FQ1,120.0,34.25,0.0,0.375,Low,16.0,0.0,43.6,13.2
TGT Coir Export,Pollachi,2027,FQ1,75.0,27.75,0.0,0.375,Low,13.0,0.0,35.3,10.7
Vedaa Coir,Pollachi,2027,FQ1,25.0,93.75,0.0,0.372,Low,43.8,0.0,119.4,36.2
Sri Ragavendra Coir Products,Pollachi,2027,FQ1,1310.0,745.0,9.542,0.372,Low,348.1,0.0,948.9,287.8
Winner Coirs,Pollachi,2027,FQ1,547.0,421.75,8.775,0.37,Low,197.1,0.0,537.2,163.2
Sri Krishna Industries,Pollachi,2027,FQ1,306.0,276.5,8.17,0.369,Low,129.2,0.0,352.2,107.0
Thirukumaran Fibers,Pollachi,2027,FQ1,745.0,811.75,0.0,0.366,Low,379.3,0.0,1033.9,314.8
CHELLAMMAL FIBRE,Pollachi,2027,FQ1,99.0,100.0,0.0,0.362,Low,46.7,0.0,127.4,38.8
Raja Coir,Pollachi,2027,FQ1,197.0,125.75,12.183,0.36,Low,58.8,0.0,160.2,48.9
AAA Coir,Peravurani,2027,FQ1,0.0,6.0,0.0,0.36,Low,7.0,0.0,19.1,5.0
Thirupathi Coir,Peravurani,2027,FQ1,0.0,8.75,0.0,0.36,Low,10.2,0.0,27.8,7.3
Thirumalai Fibers,Peravurani,2027,FQ1,0.0,5.0,0.0,0.36,Low,5.8,0.0,15.9,4.2
Everest Fiber,Peravurani,2027,FQ1,0.0,5.0,0.0,0.36,Low,5.8,0.0,15.9,4.2
RM Lakshmi Coir,Peravurani,2027,FQ1,0.0,5.0,0.0,0.36,Low,5.8,0.0,15.9,4.2
KPS Amman Fiber,Pollachi,2027,FQ1,331.0,225.0,0.0,0.357,Low,105.1,0.0,286.6,87.7
L Hari Prakesh,Pollachi,2027,FQ1,177.0,101.5,19.209,0.349,Low,47.4,0.0,129.3,39.7
Ten Star Coir Pith Block,Pollachi,2027,FQ1,295.0,201.25,15.593,0.348,Low,94.0,0.0,256.3,78.8
Sri Nisha Coco Peat (70-30) Rajakamangalam,Madurai,2027,FQ1,300.0,359.5,0.0,0.348,Low,262.6,0.0,715.8,202.5
Thulasiamman Coir Industry,Salem,2027,FQ1,670.0,397.75,0.0,0.346,Low,514.1,0.0,1401.4,370.4
Kali Fiber Unit,Salem,2027,FQ1,225.0,320.25,0.0,0.343,Low,413.9,0.0,1128.4,299.3
RSV Coir Industry,Salem,2027,FQ1,125.0,229.0,0.0,0.343,Low,296.0,0.0,806.8,214.1
Anand International,Salem,2027,FQ1,224.0,208.5,0.0,0.342,Low,269.5,0.0,734.6,195.2
Siva Sanju Fibers (LEC),Madurai,2027,FQ1,470.0,384.0,0.0,0.341,Low,280.5,0.0,764.6,217.5
Thiyagarajan Coir Industry,Salem,2027,FQ1,75.0,112.5,0.0,0.341,Low,145.4,0.0,396.4,105.4
Akshya Coirs,Salem,2027,FQ1,189.0,200.5,0.0,0.341,Low,259.1,0.0,706.4,187.8
SPN Coir,Salem,2027,FQ1,125.0,148.5,0.0,0.34,Low,191.9,0.0,523.2,139.2
Meenakchi Fiber,Salem,2027,FQ1,300.0,189.0,0.0,0.34,Low,244.3,0.0,665.9,177.4
Sughavesh Natural Fiber (HEC),Salem,2027,FQ1,425.0,548.5,5.882,0.34,Low,708.9,0.0,1932.6,514.8
Anathi Fiber,Madurai,2027,FQ1,494.0,324.0,0.0,0.339,Low,236.7,0.0,645.2,183.9
G R Organic,Salem,2027,FQ1,55.0,101.5,0.0,0.338,Low,131.2,0.0,357.6,95.4
PK Coir,Pollachi,2027,FQ1,70.0,35.0,28.571,0.338,Low,16.4,0.0,44.6,13.8
Sivasakthi Coirs,Salem,2027,FQ1,25.0,179.0,0.0,0.338,Low,231.3,0.0,630.7,168.3
JJ Coco Products,Madurai,2027,FQ1,132.0,162.0,0.0,0.338,Low,118.3,0.0,322.6,92.0
Charvi Fibre,Salem,2027,FQ1,70.0,84.0,0.0,0.338,Low,108.6,0.0,296.0,79.0
Almighty Fibres,Madurai,2027,FQ1,265.0,215.25,0.0,0.337,Low,157.2,0.0,428.6,122.3
Vega Fiber Industries,Salem,2027,FQ1,100.0,75.0,0.0,0.337,Low,96.9,0.0,264.3,70.5
Natural Coir Co,Pollachi,2027,FQ1,283.0,174.0,21.908,0.337,Low,81.3,0.0,221.6,68.6
Ramajeyam Coir,Salem,2027,FQ1,99.0,142.0,0.0,0.337,Low,183.5,0.0,500.3,133.6
K.C.A COIR INDUSTRY,Salem,2027,FQ1,25.0,56.25,0.0,0.337,Low,72.7,0.0,198.2,53.0
MRK Fibres,Pollachi,2027,FQ1,272.0,329.75,26.838,0.337,Low,154.1,0.0,420.0,130.0
Kadaieswarar Fibres,Pollachi,2027,FQ1,125.0,171.75,20.0,0.337,Low,80.2,0.0,218.8,67.7
Green Teck Coir Pith,Madurai,2027,FQ1,30.0,94.5,0.0,0.336,Low,69.0,0.0,188.2,53.7
Sri Mahalakshmi Coco Product,Pollachi,2027,FQ1,154.0,101.5,26.623,0.336,Low,47.4,0.0,129.3,40.0
Udhaya Coir,Salem,2027,FQ1,75.0,68.25,0.0,0.336,Low,88.2,0.0,240.5,64.3
K A N Coir Products,Madurai,2027,FQ1,136.0,157.0,0.0,0.336,Low,114.7,0.0,312.6,89.3
JK Coirs (LEC),Madurai,2027,FQ1,161.0,156.0,0.0,0.336,Low,113.9,0.0,310.6,88.8
Fathima Fibers,Madurai,2027,FQ1,114.0,135.0,0.0,0.336,Low,98.6,0.0,268.8,76.8
Amazon Agro Products,Madurai,2027,FQ1,45.0,123.25,0.0,0.335,Low,90.0,0.0,245.4,70.1
Milman Coir Export,Salem,2027,FQ1,174.0,84.5,0.0,0.335,Low,109.2,0.0,297.7,79.7
Anjaneya Coir,Madurai,2027,FQ1,140.0,112.0,0.0,0.335,Low,81.8,0.0,223.0,63.8
Sri Vishnu Fibre Unit,Pollachi,2027,FQ1,297.0,280.0,8.418,0.335,Low,130.8,0.0,356.6,110.5
MPN Coir,Salem,2027,FQ1,49.0,24.25,0.0,0.335,Low,31.3,0.0,85.4,22.9
Mattai Murgan Fibers,Madurai,2027,FQ1,124.0,125.25,0.0,0.334,Low,91.5,0.0,249.4,71.4
Kadeswaran Pith Block,Kangeyam,2027,FQ1,50.0,423.75,0.0,0.334,Low,423.6,0.0,1154.8,317.4
Kaviya Coco Pith,Salem,2027,FQ1,50.0,37.0,0.0,0.334,Low,47.8,0.0,130.4,34.9
Manthri Coir,Salem,2027,FQ1,20.0,11.25,0.0,0.334,Low,14.5,0.0,39.6,10.6
Modern Fibers,Madurai,2027,FQ1,143.0,109.5,0.0,0.334,Low,80.0,0.0,218.0,62.4
Sri Natha Coirs,Madurai,2027,FQ1,148.0,182.75,0.0,0.334,Low,133.5,0.0,363.9,104.2
TS Ashok Kumar Fibers (HEC),Madurai,2027,FQ1,242.0,219.0,0.0,0.334,Low,160.0,0.0,436.1,124.9
Lotus Coir,Madurai,2027,FQ1,20.0,54.25,0.0,0.334,Low,39.6,0.0,108.0,30.9
Sai Sarasvathi Coirs,Madurai,2027,FQ1,110.0,104.5,0.0,0.334,Low,76.3,0.0,208.1,59.6
Selvanayagiamman Fibers,Kangeyam,2027,FQ1,154.0,494.0,0.0,0.334,Low,493.8,0.0,1346.3,370.3
Sri Vinayaka Curled Coir Fibre Factory,Salem,2027,FQ1,25.0,18.75,0.0,0.334,Low,24.2,0.0,66.1,17.7
Anuradha Coir,Madurai,2027,FQ1,154.0,109.5,0.0,0.333,Low,80.0,0.0,218.0,62.5
Sumathi Coir Industry,Salem,2027,FQ1,100.0,49.75,0.0,0.333,Low,64.3,0.0,175.3,47.0
VT Jothivenkatachalam Fibers,Madurai,2027,FQ1,5.0,48.5,0.0,0.333,Low,35.4,0.0,96.6,27.6
Sri Bannaraiamman Fibers,Salem,2027,FQ1,50.0,12.5,0.0,0.333,Low,16.2,0.0,44.0,11.8
Amogam Exports,Madurai,2027,FQ1,106.0,82.0,0.0,0.333,Low,59.9,0.0,163.3,46.8
Chellam Fibre,Madurai,2027,FQ1,62.0,68.0,0.0,0.333,Low,49.7,0.0,135.4,38.8
Sanjana Coir,Salem,2027,FQ1,50.0,12.5,0.0,0.333,Low,16.2,0.0,44.0,11.9
Anbu Fiber,Madurai,2027,FQ1,150.0,97.0,0.0,0.332,Low,70.9,0.0,193.1,55.4
RCA Coirs,Madurai,2027,FQ1,20.0,38.25,0.0,0.332,Low,27.9,0.0,76.2,21.8
Srinivasa Coco Products,Madurai,2027,FQ1,285.0,281.25,0.0,0.332,Low,205.4,0.0,560.0,160.5
S.R.Fibres,Madurai,2027,FQ1,24.0,41.25,0.0,0.332,Low,30.1,0.0,82.1,23.5
M P N Fibers,Madurai,2027,FQ1,64.0,67.25,0.0,0.332,Low,49.1,0.0,133.9,38.4
Suriya Farms,Madurai,2027,FQ1,52.0,53.25,0.0,0.332,Low,38.9,0.0,106.0,30.4
Gohila Coir & Fiber Industry,Madurai,2027,FQ1,45.0,47.5,0.0,0.332,Low,34.7,0.0,94.6,27.1
Amsaraja Fiber,Madurai,2027,FQ1,86.0,72.5,0.0,0.332,Low,53.0,0.0,144.4,41.4
(Ramesh M) M R Fiber,Madurai,2027,FQ1,56.0,57.0,0.0,0.332,Low,41.6,0.0,113.5,32.5
Cumbum Fibers,Madurai,2027,FQ1,91.0,62.5,0.0,0.332,Low,45.7,0.0,124.5,35.7
Sam Coir,Madurai,2027,FQ1,31.0,37.5,0.0,0.331,Low,27.4,0.0,74.7,21.4
Amjath Ali Fibers,Madurai,2027,FQ1,22.0,33.5,0.0,0.331,Low,24.5,0.0,66.7,19.2
Tharwin Fibres,Salem,2027,FQ1,50.0,55.5,0.0,0.331,Low,71.7,0.0,195.5,52.6
Ananya Coco Pith,Madurai,2027,FQ1,51.0,36.75,0.0,0.331,Low,26.8,0.0,73.2,21.0
Aarha Export - Nochodampatti,Madurai,2027,FQ1,102.0,92.25,0.0,0.331,Low,67.4,0.0,183.7,52.7
RRR Coir,Madurai,2027,FQ1,36.0,31.75,0.0,0.331,Low,23.2,0.0,63.2,18.2
Shri Venkateswara Coirs,Madurai,2027,FQ1,6.0,12.5,0.0,0.331,Low,9.1,0.0,24.9,7.1
Shobiya Fibers,Madurai,2027,FQ1,16.0,21.0,0.0,0.33,Low,15.3,0.0,41.8,12.0
K R R Fibers,Madurai,2027,FQ1,16.0,12.5,0.0,0.33,Low,9.1,0.0,24.9,7.1
MKA Coir Industries,Madurai,2027,FQ1,27.0,24.25,0.0,0.33,Low,17.7,0.0,48.3,13.9
Laxmi Coir Industries,Madurai,2027,FQ1,47.0,30.25,0.0,0.33,Low,22.1,0.0,60.2,17.3
Thraviyam Coco Products,Madurai,2027,FQ1,92.0,36.5,0.0,0.33,Low,26.7,0.0,72.7,20.9
Sri Pathi Coir Industries,Madurai,2027,FQ1,5.0,7.5,0.0,0.33,Low,5.5,0.0,14.9,4.3
AKS FIBER,Madurai,2027,FQ1,13.0,14.75,0.0,0.33,Low,10.8,0.0,29.4,8.5
Jeena Exports,Madurai,2027,FQ1,44.0,20.5,0.0,0.33,Low,15.0,0.0,40.8,11.7
ATR Coirs (HEC),Madurai,2027,FQ1,45.0,11.25,0.0,0.33,Low,8.2,0.0,22.4,6.4
Ayyanar Coir,Madurai,2027,FQ1,5.0,5.5,0.0,0.33,Low,4.0,0.0,11.0,3.1
KCK Coirs,Madurai,2027,FQ1,16.0,6.0,0.0,0.329,Low,4.4,0.0,11.9,3.4
Mariya Pushpam Coir Pith,Madurai,2027,FQ1,10.0,2.5,0.0,0.329,Low,1.8,0.0,5.0,1.4
Karthika Coirs (70-30),Madurai,2027,FQ1,454.0,411.0,9.692,0.329,Low,300.2,0.0,818.4,235.3
Anamalai Coirs,Pollachi,2027,FQ1,111.0,83.75,36.937,0.327,Low,39.1,0.0,106.7,33.2
Narayana Coirs,Salem,2027,FQ1,500.0,296.0,5.0,0.326,Low,382.6,0.0,1042.9,282.0
Truth Fibers,Madurai,2027,FQ1,45.0,65.25,0.0,0.326,Low,47.7,0.0,129.9,37.5
Vetrivel Pith Block,Kangeyam,2027,FQ1,469.0,642.5,0.0,0.325,Low,642.3,0.0,1751.0,486.0
M M Coirs,Madurai,2027,FQ1,6.0,24.5,0.0,0.324,Low,17.9,0.0,48.8,14.1
Selva coco Fibre,Salem,2027,FQ1,424.0,320.25,5.896,0.323,Low,413.9,0.0,1128.4,306.0
Go Green Coir,Salem,2027,FQ1,192.0,133.75,9.375,0.323,Low,172.9,0.0,471.2,127.9
Ganesan Coco Product,Salem,2027,FQ1,419.0,220.25,6.444,0.322,Low,284.7,0.0,776.0,210.8
Palanimurugan Coir,Kangeyam,2027,FQ1,320.0,410.0,0.0,0.321,Low,409.9,0.0,1117.4,311.3
Selvam Coco Tech,Pollachi,2027,FQ1,62.0,97.0,33.871,0.32,Low,45.3,0.0,123.5,38.6
Eco Max,Pollachi,2027,FQ1,250.0,247.5,10.0,0.319,Low,115.6,0.0,315.2,98.5
S.A Export,Kangeyam,2027,FQ1,328.0,480.25,0.0,0.318,Low,480.1,0.0,1308.8,365.4
Bio Thermal,Kangeyam,2027,FQ1,525.0,450.0,0.0,0.316,Low,449.9,0.0,1226.4,343.3
SHREE VETRRI VINAYAGAR FIBRES,Pollachi,2027,FQ1,323.0,233.5,30.341,0.314,Low,109.1,0.0,297.4,93.2
MMJ Coir,Madurai,2027,FQ1,64.0,89.0,0.0,0.313,Low,65.0,0.0,177.2,51.6
A R Coir,Pollachi,2027,FQ1,48.0,12.0,47.917,0.313,Low,5.6,0.0,15.3,4.8
Gogulkrishna coir Export,Pollachi,2027,FQ1,248.0,158.5,19.355,0.312,Low,74.1,0.0,201.9,63.3
Horpiflora Pith,Madurai,2027,FQ1,43.0,42.5,0.0,0.312,Low,31.0,0.0,84.6,24.6
Rathinam Fibres,Kangeyam,2027,FQ1,22.0,190.25,0.0,0.312,Low,190.2,0.0,518.5,145.7
Eligro Substrate Pvt Ltd,Madurai,2027,FQ1,110.0,61.25,0.0,0.311,Low,44.7,0.0,122.0,35.5
ASP Coir,Madurai,2027,FQ1,38.0,54.75,0.0,0.311,Low,40.0,0.0,109.0,31.8
MMM Coir,Kangeyam,2027,FQ1,292.0,304.0,0.0,0.311,Low,303.9,0.0,828.5,233.0
AGP Coir,Pollachi,2027,FQ1,98.0,91.0,48.98,0.31,Low,42.5,0.0,115.9,36.4
Sun Coir,Kangeyam,2027,FQ1,100.0,297.25,0.0,0.31,Low,297.2,0.0,810.1,228.2
Aathil Coir Factory,Kangeyam,2027,FQ1,70.0,168.5,0.0,0.309,Low,168.4,0.0,459.2,129.4
SJ BioRoots Coir Products,Salem,2027,FQ1,25.0,105.75,0.0,0.309,Low,136.7,0.0,372.6,102.6
SVF Coco peat,Pollachi,2027,FQ1,141.0,151.5,46.809,0.309,Low,70.8,0.0,193.0,60.6
Manoj Traders,Kangeyam,2027,FQ1,125.0,198.25,0.0,0.309,Low,198.2,0.0,540.3,152.3
Raja Fibre Industry,Salem,2027,FQ1,472.0,331.75,4.661,0.309,Low,428.8,0.0,1168.9,322.0
CS Coir,Kangeyam,2027,FQ1,263.0,225.25,0.0,0.309,Low,225.2,0.0,613.9,173.1
Om Valaven Coir,Pollachi,2027,FQ1,73.0,72.75,32.877,0.309,Low,34.0,0.0,92.7,29.1
Chellandiamman Fibers,Kangeyam,2027,FQ1,72.0,158.25,0.0,0.309,Low,158.2,0.0,431.3,121.6
Sree Vari Fibres,Kangeyam,2027,FQ1,100.0,184.5,0.0,0.308,Low,184.4,0.0,502.8,141.7
Balaji Coir Pith,Kangeyam,2027,FQ1,440.0,569.75,0.0,0.308,Low,569.6,0.0,1552.7,437.9
Venus Coir,Kangeyam,2027,FQ1,169.0,229.75,0.0,0.308,Low,229.7,0.0,626.1,176.6
Uthis Coir,Pollachi,2027,FQ1,45.0,16.75,44.444,0.307,Low,7.8,0.0,21.3,6.7
Sri Amman Coir,Kangeyam,2027,FQ1,249.0,248.5,0.0,0.307,Low,248.4,0.0,677.2,191.2
Kumaran Industry,Kangeyam,2027,FQ1,241.0,213.5,0.0,0.306,Low,213.4,0.0,581.8,164.4
Sindhu Fiber,Pollachi,2027,FQ1,393.0,468.25,34.606,0.305,Low,218.8,0.0,596.4,187.8
SP Coir Pith Block,Kangeyam,2027,FQ1,48.0,117.75,0.0,0.304,Low,117.7,0.0,320.9,90.8
Baby Coir,Kangeyam,2027,FQ1,123.0,134.25,0.0,0.304,Low,134.2,0.0,365.9,103.6
Sowbarnica Coir,Kangeyam,2027,FQ1,75.0,123.0,0.0,0.303,Low,123.0,0.0,335.2,95.0
Aarudra Coco Products,Madurai,2027,FQ1,61.0,51.75,0.0,0.303,Low,37.8,0.0,103.0,30.3
Abi Coir,Kangeyam,2027,FQ1,124.0,143.0,0.0,0.303,Low,143.0,0.0,389.7,110.5
Dhanu Coir,Kangeyam,2027,FQ1,48.0,96.0,0.0,0.303,Low,96.0,0.0,261.6,74.2
Natraj Fibre,Kangeyam,2027,FQ1,294.0,243.5,0.0,0.303,Low,243.4,0.0,663.6,188.1
Virckucham Coirs,Kangeyam,2027,FQ1,75.0,114.5,0.0,0.303,Low,114.5,0.0,312.0,88.5
RPG Coir/Velavan Coir,Kangeyam,2027,FQ1,99.0,116.0,0.0,0.303,Low,116.0,0.0,316.1,89.7
Sri Annamalayar Coirs,Kangeyam,2027,FQ1,318.0,123.0,0.0,0.302,Low,123.0,0.0,335.2,95.2
Sri Ram Guru Coir,Kangeyam,2027,FQ1,160.0,119.75,0.0,0.302,Low,119.7,0.0,326.3,92.6
Velmurugan Coco Peat,Kangeyam,2027,FQ1,321.0,405.25,0.0,0.301,Low,405.1,0.0,1104.4,313.6
BN Coirs,Madurai,2027,FQ1,142.0,85.25,13.38,0.301,Low,62.3,0.0,169.8,50.0
Ganapathy Coir,Kangeyam,2027,FQ1,428.0,169.25,0.0,0.301,Low,169.2,0.0,461.2,131.0
Jai Vishnu Coirs,Kangeyam,2027,FQ1,125.0,93.5,0.0,0.301,Low,93.5,0.0,254.8,72.4
SS Coir,Kangeyam,2027,FQ1,148.0,145.75,0.0,0.301,Low,145.7,0.0,397.2,112.8
India Coirs,Kangeyam,2027,FQ1,371.0,345.25,5.93,0.301,Low,345.1,0.0,940.9,267.3
Sri Vishnu Coir pith Blocks,Kangeyam,2027,FQ1,83.0,74.25,0.0,0.301,Low,74.2,0.0,202.4,57.5
Sri V Rangasamy Agencies,Kangeyam,2027,FQ1,184.0,119.5,0.0,0.3,Low,119.5,0.0,325.7,92.6
Amirtha Coirs,Kangeyam,2027,FQ1,120.0,136.75,0.0,0.3,Low,136.7,0.0,372.7,105.9
Siva Selvi Fibers,Kangeyam,2027,FQ1,625.0,776.5,12.0,0.3,Low,776.2,0.0,2116.2,601.5
Gowtham Coir,Kangeyam,2027,FQ1,86.0,65.0,0.0,0.3,Low,65.0,0.0,177.1,50.4
Arul Jothi Fibers,Kangeyam,2027,FQ1,84.0,88.25,0.0,0.3,Low,88.2,0.0,240.5,68.4
Devi Fibre,Kangeyam,2027,FQ1,40.0,59.5,0.0,0.3,Low,59.5,0.0,162.2,46.1
Anudeep Coir,Kangeyam,2027,FQ1,100.0,53.0,0.0,0.3,Low,53.0,0.0,144.4,41.1
Jupiter Fibre,Kangeyam,2027,FQ1,47.0,51.0,0.0,0.299,Low,51.0,0.0,139.0,39.5
SS Coir / Shars Green Enterprises,Kangeyam,2027,FQ1,25.0,37.5,0.0,0.299,Low,37.5,0.0,102.2,29.1
Vinayaga Fibers,Pollachi,2027,FQ1,38.0,41.25,47.368,0.299,Low,19.3,0.0,52.5,16.6
Mahalakshmi Fiber,Kangeyam,2027,FQ1,198.0,92.75,0.0,0.299,Low,92.7,0.0,252.8,71.9
Sangam Coir,Kangeyam,2027,FQ1,25.0,30.0,0.0,0.299,Low,30.0,0.0,81.8,23.3
RR Coirs,Kangeyam,2027,FQ1,44.0,38.25,0.0,0.298,Low,38.2,0.0,104.2,29.7
Ponbala Coir,Kangeyam,2027,FQ1,50.0,42.25,0.0,0.298,Low,42.2,0.0,115.1,32.8
Sai Coirs,Kangeyam,2027,FQ1,94.0,53.5,0.0,0.298,Low,53.5,0.0,145.8,41.5
Cloud Eco Products ltd,Kangeyam,2027,FQ1,23.0,10.75,0.0,0.298,Low,10.7,0.0,29.3,8.3
Rani Coir,Kangeyam,2027,FQ1,120.0,35.0,0.0,0.298,Low,35.0,0.0,95.4,27.2
Sri Ponbala Coir,Kangeyam,2027,FQ1,25.0,12.25,0.0,0.297,Low,12.2,0.0,33.4,9.5
Ragavandra Fibers,Pollachi,2027,FQ1,224.0,197.0,11.161,0.297,Low,92.0,0.0,250.9,79.3
Arulperumjothi Fibers,Kangeyam,2027,FQ1,75.0,31.0,0.0,0.297,Low,31.0,0.0,84.5,24.1
RBS Fiber,Kangeyam,2027,FQ1,50.0,12.5,0.0,0.297,Low,12.5,0.0,34.1,9.7
SP Coir Products,Kangeyam,2027,FQ1,25.0,6.25,0.0,0.297,Low,6.2,0.0,17.0,4.8
KCA Fiber Industries,Kangeyam,2027,FQ1,45.0,11.25,0.0,0.297,Low,11.2,0.0,30.7,8.7
Lakshmi Coir,Kangeyam,2027,FQ1,24.0,6.0,0.0,0.297,Low,6.0,0.0,16.4,4.7
Boss Coir,Kangeyam,2027,FQ1,50.0,95.75,0.0,0.297,Low,95.7,0.0,260.9,74.4
RS Coir,Kangeyam,2027,FQ1,325.0,161.25,0.0,0.297,Low,161.2,0.0,439.4,125.3
Victor Coco Pith,Madurai,2027,FQ1,76.0,61.0,21.053,0.296,Low,44.6,0.0,121.5,35.9
NRN Samy Coirs,Kangeyam,2027,FQ1,150.0,169.25,0.0,0.296,Low,169.2,0.0,461.2,131.7
Ganapathy Fibers,Pollachi,2027,FQ1,419.0,297.25,35.561,0.294,Low,138.9,0.0,378.6,119.9
SP Exports (Sammy Coir),Kangeyam,2027,FQ1,272.0,562.0,17.279,0.294,Low,561.8,0.0,1531.6,437.8
Kuppanasamy Coir,Kangeyam,2027,FQ1,324.0,539.25,8.025,0.294,Low,539.1,0.0,1469.6,420.1
Supreeth Fibers (LEC),Salem,2027,FQ1,145.0,176.5,17.241,0.291,Low,228.1,0.0,621.9,174.5
AB Coir,Kangeyam,2027,FQ1,25.0,36.0,0.0,0.288,Low,36.0,0.0,98.1,28.2
Sri Arunachala Coir,Kangeyam,2027,FQ1,75.0,124.5,0.0,0.287,Low,124.5,0.0,339.3,97.7
Sri Anoor Fibers,Kangeyam,2027,FQ1,313.0,279.25,14.058,0.287,Low,279.2,0.0,761.0,219.2
Kalpathur Substrate,Pollachi,2027,FQ1,272.0,115.667,45.221,0.286,Low,54.0,0.0,147.3,46.8
Vishu Fibers,Pollachi,2027,FQ1,160.0,96.25,56.25,0.286,Low,45.0,0.0,122.6,39.0
Dharsani Bio Fuels,Kangeyam,2027,FQ1,25.0,129.5,0.0,0.285,Low,129.5,0.0,352.9,101.8
Coco Craft,Madurai,2027,FQ1,148.0,121.5,16.892,0.285,Low,88.7,0.0,241.9,72.1
Kamatchiyaamman Coir,Kangeyam,2027,FQ1,46.0,80.5,0.0,0.285,Low,80.5,0.0,219.4,63.3
MICHEL COIR,Madurai,2027,FQ1,55.0,54.0,30.909,0.284,Low,39.4,0.0,107.5,32.0
Katalai Mariyamman Fibre,Kangeyam,2027,FQ1,25.0,51.5,0.0,0.283,Low,51.5,0.0,140.4,40.6
SR fibre,Kangeyam,2027,FQ1,49.0,47.5,0.0,0.283,Low,47.5,0.0,129.4,37.4
Sri Murugan Coir Pith Blocks,Kangeyam,2027,FQ1,25.0,30.5,0.0,0.283,Low,30.5,0.0,83.1,24.0
Sun Fibre Products,Pollachi,2027,FQ1,41.0,65.5,51.22,0.283,Low,30.6,0.0,83.4,26.6
ATA Coir,Pollachi,2027,FQ1,119.0,66.25,58.824,0.282,Low,31.0,0.0,84.4,26.9
Sri Krishna Fibres,Madurai,2027,FQ1,283.0,219.5,28.975,0.281,Low,160.3,0.0,437.1,130.7
Kaviya Pith Block,Kangeyam,2027,FQ1,139.0,275.75,0.0,0.28,Low,275.7,0.0,751.5,217.7
SMT Coir,Pollachi,2027,FQ1,144.0,149.25,65.278,0.279,Low,69.7,0.0,190.1,60.7
LNF Coir,Kangeyam,2027,FQ1,50.0,70.75,0.0,0.278,Low,70.7,0.0,192.8,56.0
Mariah Coirs,Madurai,2027,FQ1,72.0,62.0,31.944,0.277,Low,45.3,0.0,123.5,37.0
Dhanalakshmi Coir,Pollachi,2027,FQ1,161.0,99.25,61.491,0.276,Low,46.4,0.0,126.4,40.4
Srinivasa Agro Products,Madurai,2027,FQ1,370.0,308.25,10.811,0.275,Low,225.2,0.0,613.8,184.5
Arun Coir Exime,Kangeyam,2027,FQ1,448.0,493.0,16.518,0.275,Low,492.8,0.0,1343.5,391.3
Durai Kalai Coir,Kangeyam,2027,FQ1,149.0,155.5,0.0,0.274,Low,155.4,0.0,423.8,123.4
Athanur Amman Coir,Kangeyam,2027,FQ1,167.0,153.0,14.371,0.274,Low,153.0,0.0,417.0,121.5
Lakshmi Pith Block,Kangeyam,2027,FQ1,423.0,551.5,5.674,0.272,Low,551.3,0.0,1503.0,439.0
Sri Kumaran Coirs,Kangeyam,2027,FQ1,569.0,255.0,17.399,0.272,Low,254.9,0.0,694.9,203.0
Arul Hi-Tech Coir,Kangeyam,2027,FQ1,192.0,294.25,25.521,0.272,Low,294.2,0.0,801.9,234.3
Mahajothi Fibre,Kangeyam,2027,FQ1,82.0,119.75,0.0,0.271,Low,119.7,0.0,326.3,95.4
MSD Coir,Madurai,2027,FQ1,62.0,72.25,41.935,0.27,Low,52.8,0.0,143.9,43.4
Sivamayam Fibers,Kangeyam,2027,FQ1,117.0,79.0,21.368,0.27,Low,79.0,0.0,215.3,63.0
Greater Green Coir,Kangeyam,2027,FQ1,48.0,164.75,0.0,0.269,Low,164.7,0.0,449.0,131.5
Maxiworth Coir,Salem,2027,FQ1,50.0,91.25,50.0,0.268,Low,117.9,0.0,321.5,92.4
KMMR Industries,Madurai,2027,FQ1,147.0,124.75,13.605,0.268,Low,91.1,0.0,248.4,75.0
Hayagreever Coirs,Kangeyam,2027,FQ1,418.0,430.0,5.502,0.267,Low,429.9,0.0,1171.9,343.7
Selvam Coirs,Kangeyam,2027,FQ1,97.0,59.25,23.711,0.267,Low,59.2,0.0,161.5,47.3
Aahash Coir Products,Madurai,2027,FQ1,161.0,169.0,30.435,0.264,Low,123.4,0.0,336.5,102.0
Deva Coir,Kangeyam,2027,FQ1,301.0,213.0,10.299,0.264,Low,212.9,0.0,580.5,170.7
PR Export,Kangeyam,2027,FQ1,272.0,313.25,8.824,0.262,Low,313.1,0.0,853.7,251.7
Sabari Coir,Madurai,2027,FQ1,232.0,275.25,31.897,0.26,Low,201.0,0.0,548.1,166.6
Dhananya Coir,Kangeyam,2027,FQ1,527.0,403.75,18.975,0.26,Low,403.6,0.0,1100.3,324.9
VKA Agro products,Kangeyam,2027,FQ1,245.0,321.5,29.388,0.26,Low,321.4,0.0,876.2,258.8
Raghavaa Fibre,Kangeyam,2027,FQ1,70.0,82.0,34.286,0.256,Low,82.0,0.0,223.5,66.2
Sree K.S Fibres,Kangeyam,2027,FQ1,199.0,203.5,25.126,0.254,Low,203.4,0.0,554.6,164.6
Udyam Coirs,Kangeyam,2027,FQ1,75.0,23.75,33.333,0.254,Low,23.7,0.0,64.7,19.2
Jairithanya Coir,Pollachi,2027,FQ1,126.0,98.25,59.524,0.253,Low,45.9,0.0,125.1,40.5
Karvembu Coir,Kangeyam,2027,FQ1,119.0,86.0,36.975,0.252,Low,86.0,0.0,234.4,69.8
VICTORY Coir,Pollachi,2027,FQ1,19.0,44.75,100.0,0.251,Low,20.9,0.0,57.0,18.5
S J Coir,Madurai,2027,FQ1,194.0,105.25,53.608,0.25,Low,76.9,0.0,209.6,64.3
RP Pith Blocks,Madurai,2027,FQ1,284.0,194.0,44.718,0.249,Low,141.7,0.0,386.3,118.5
Sarvana Gugan Coirs,Kangeyam,2027,FQ1,398.0,441.25,12.06,0.249,Low,441.1,0.0,1202.5,358.8
Aarudhra Agro,Pollachi,2027,FQ1,20.0,5.0,100.0,0.248,Low,2.3,0.0,6.4,2.0
Karthikeyan Coir,Kangeyam,2027,FQ1,74.0,115.75,32.432,0.248,Low,115.7,0.0,315.4,94.2
Sri Shakthi Coirs,Kangeyam,2027,FQ1,66.0,93.5,36.364,0.248,Low,93.5,0.0,254.8,76.1
Brown Hills Enterprises,Kangeyam,2027,FQ1,76.0,99.5,34.211,0.245,Low,99.5,0.0,271.2,81.2
SJ Bio Root Coir,Kangeyam,2027,FQ1,122.0,73.25,40.984,0.245,Low,73.2,0.0,199.6,59.8
Sri Hari Fiber,Kangeyam,2027,FQ1,217.0,180.25,22.12,0.244,Low,180.2,0.0,491.2,147.2
Veerakumara Coir,Pollachi,2027,FQ1,24.0,24.75,100.0,0.24,Low,11.6,0.0,31.5,10.3
VV Curld Coir,Pollachi,2027,FQ1,45.0,41.75,100.0,0.239,Low,19.5,0.0,53.2,17.3
VMM Coco,Madurai,2027,FQ1,115.0,107.5,59.13,0.239,Low,78.5,0.0,214.1,66.2
Vijayalakshmi Fibres,Pollachi,2027,FQ1,112.0,90.0,100.0,0.238,Low,42.0,0.0,114.6,37.4
SS Fibre,Kangeyam,2027,FQ1,544.0,254.5,36.949,0.238,Low,254.4,0.0,693.6,209.1
Vishnu Coirs,Kangeyam,2027,FQ1,122.0,175.0,38.525,0.236,Low,174.9,0.0,476.9,144.0
Sai Balaji Coir,Kangeyam,2027,FQ1,250.0,268.0,10.0,0.234,Low,267.9,0.0,730.4,220.9
Radient Coir,Kangeyam,2027,FQ1,170.0,157.0,41.176,0.233,Low,156.9,0.0,427.9,129.5
AL-Matin Coir Exports,Madurai,2027,FQ1,58.0,34.5,62.069,0.233,Low,25.2,0.0,68.7,21.3
Menachi Coir,Pollachi,2027,FQ1,166.0,112.5,84.94,0.232,Low,52.6,0.0,143.3,46.9
P.S Pith Block,Kangeyam,2027,FQ1,200.0,293.5,50.0,0.228,Low,293.4,0.0,799.9,243.3
Brown Spring,Kangeyam,2027,FQ1,420.0,358.0,23.095,0.228,Low,357.9,0.0,975.6,296.8
Evergreen Fiber,Peravurani,2027,FQ1,79.0,52.75,0.0,0.227,Low,61.5,0.0,167.7,50.5
Muthu Viravan Coco Fiber,Peravurani,2027,FQ1,79.0,58.5,0.0,0.227,Low,68.2,0.0,186.0,56.0
JK Pith Industry,Peravurani,2027,FQ1,89.0,57.0,0.0,0.227,Low,66.5,0.0,181.2,54.6
MUM Fibers,Peravurani,2027,FQ1,143.0,123.5,0.0,0.227,Low,144.0,0.0,392.6,118.3
Senthil Vinayaga Coirs,Peravurani,2027,FQ1,149.0,72.5,0.0,0.227,Low,84.5,0.0,230.5,69.5
MS Coir,Kangeyam,2027,FQ1,101.0,191.75,50.495,0.227,Low,191.7,0.0,522.6,159.1
Jothi Coir,Peravurani,2027,FQ1,92.0,49.25,0.0,0.227,Low,57.4,0.0,156.6,47.2
Amman Coir,Kangeyam,2027,FQ1,960.0,708.25,34.375,0.226,Low,708.0,0.0,1930.2,587.9
Sabrina Coir,Peravurani,2027,FQ1,13.0,15.75,0.0,0.226,Low,18.4,0.0,50.1,15.1
Sowabarnicka Fibers,Peravurani,2027,FQ1,24.0,16.0,0.0,0.226,Low,18.7,0.0,50.9,15.4
Nathan Industries,Peravurani,2027,FQ1,35.0,17.75,0.0,0.226,Low,20.7,0.0,56.4,17.0
MKS Fibre,Peravurani,2027,FQ1,35.0,8.75,0.0,0.226,Low,10.2,0.0,27.8,8.4
Udhayam Coir & Fiber,Peravurani,2027,FQ1,13.0,9.25,0.0,0.226,Low,10.8,0.0,29.4,8.9
RR Coir Industries,Peravurani,2027,FQ1,12.0,6.0,0.0,0.226,Low,7.0,0.0,19.1,5.8
Uthayam Fibers,Peravurani,2027,FQ1,20.0,5.0,0.0,0.226,Low,5.8,0.0,15.9,4.8
Venkateshwara Trader,Peravurani,2027,FQ1,14.0,3.5,0.0,0.226,Low,4.1,0.0,11.1,3.4
V Coir,Peravurani,2027,FQ1,128.0,70.0,0.0,0.225,Low,81.6,0.0,222.5,67.2
Balaji Coir Pith-Udumal,Kangeyam,2027,FQ1,355.0,501.25,29.577,0.225,Low,501.1,0.0,1366.0,416.6
Global Coco,Kangeyam,2027,FQ1,226.0,194.0,45.133,0.22,Low,193.9,0.0,528.7,162.0
Periyasamy Fiber,Kangeyam,2027,FQ1,50.0,160.75,50.0,0.216,Low,160.7,0.0,438.1,134.6
SAS Coco industries,Peravurani,2027,FQ1,131.0,87.75,10.687,0.215,Low,102.3,0.0,279.0,85.0
PAS Fibers,Peravurani,2027,FQ1,125.0,153.0,0.0,0.214,Low,178.4,0.0,486.4,148.5
Global Pith Block,Kangeyam,2027,FQ1,68.0,360.25,63.235,0.212,Low,360.1,0.0,981.8,302.9
Annai Fibers,Madurai,2027,FQ1,10.0,5.0,100.0,0.211,Low,3.7,0.0,10.0,3.2
Selvakarthipan Fibres,Kangeyam,2027,FQ1,100.0,80.25,75.0,0.21,Low,80.2,0.0,218.7,67.5
PK Coco Fibre,Kangeyam,2027,FQ1,65.0,42.25,69.231,0.209,Low,42.2,0.0,115.1,35.6
Abirami Fibres,Peravurani,2027,FQ1,89.0,39.5,13.483,0.209,Low,46.1,0.0,125.6,38.5
Bhakiyam Fibers,Madurai,2027,FQ1,151.0,121.25,59.603,0.206,Low,88.6,0.0,241.4,76.6
Sri Ram Fibres,Pollachi,2027,FQ1,73.0,110.5,100.0,0.204,Low,51.6,0.0,140.7,46.7
Classic Coir india,Kangeyam,2027,FQ1,174.0,188.75,58.046,0.203,Low,188.7,0.0,514.4,159.9
Ayangaran Coirs,Madurai,2027,FQ1,41.0,40.25,100.0,0.202,Low,29.4,0.0,80.1,25.5
AP Agro,Pollachi,2027,FQ1,169.0,126.25,100.0,0.202,Low,59.0,0.0,160.8,53.5
Sri Ganapathi Fibres,Kangeyam,2027,FQ1,150.0,172.5,83.333,0.2,Low,172.4,0.0,470.1,146.6
SS FIBERS & COIRS,Madurai,2027,FQ1,72.0,39.75,88.889,0.199,Low,29.0,0.0,79.2,25.2
Kaaruniya Coir Industries,Madurai,2027,FQ1,22.0,16.75,100.0,0.197,Low,12.2,0.0,33.4,10.6
Palaniyanadvar Pith Block,Kangeyam,2027,FQ1,573.0,687.25,44.503,0.197,Low,687.0,0.0,1872.9,585.6
Anand Coir,Peravurani,2027,FQ1,323.0,223.75,19.814,0.196,Low,260.9,0.0,711.3,220.7
Muthukumar Fiber,Madurai,2027,FQ1,16.0,26.0,100.0,0.195,Low,19.0,0.0,51.8,16.6
Velaa Fibres,Kangeyam,2027,FQ1,21.0,74.5,100.0,0.193,Low,74.5,0.0,203.0,63.7
Surya Coir,Kangeyam,2027,FQ1,82.0,63.5,69.512,0.19,Low,63.5,0.0,173.1,54.5
Ramesh Coir,Kangeyam,2027,FQ1,235.0,181.25,62.979,0.186,Low,181.2,0.0,494.0,155.9
Veera Coir,Madurai,2027,FQ1,84.0,83.75,100.0,0.186,Low,61.2,0.0,166.8,53.7
Hyther Ali Coconut Merchant,Madurai,2027,FQ1,42.0,38.5,100.0,0.186,Low,28.1,0.0,76.7,24.7
RM Coconut Marchent,Madurai,2027,FQ1,101.0,106.0,87.129,0.185,Low,77.4,0.0,211.1,68.0
Krishna Fibers,Kangeyam,2027,FQ1,26.0,18.75,100.0,0.183,Low,18.7,0.0,51.1,16.1
JPM Coirs,Madurai,2027,FQ1,74.0,76.5,100.0,0.179,Low,55.9,0.0,152.3,49.3
Ganesh Coirs,Kangeyam,2027,FQ1,48.0,42.25,100.0,0.173,Low,42.2,0.0,115.1,36.7
PNK Coir,Kangeyam,2027,FQ1,285.0,199.0,82.807,0.172,Low,198.9,0.0,542.3,173.2
Vishnu Fibres,Kangeyam,2027,FQ1,292.0,206.5,91.438,0.17,Low,206.4,0.0,562.8,180.1
Iniya Coir,Kangeyam,2027,FQ1,836.0,941.75,49.761,0.17,Low,941.4,0.0,2566.5,821.5
Aakavi Coir,Kangeyam,2027,FQ1,72.0,73.0,100.0,0.169,Low,73.0,0.0,198.9,63.7
Sri Palaniyandavar Fibres,Kangeyam,2027,FQ1,400.0,371.25,62.5,0.165,Low,371.1,0.0,1011.8,325.2
Sri Ponkalaiamman Fibers,Salem,2027,FQ1,186.0,198.25,100.0,0.165,Low,256.2,0.0,698.5,222.1
Jayam Coir,Kangeyam,2027,FQ1,61.0,67.5,100.0,0.164,Low,67.5,0.0,184.0,59.2
Barani Fibers,Kangeyam,2027,FQ1,146.0,120.25,100.0,0.158,Low,120.2,0.0,327.7,105.9
Sri Annamar Fibres,Kangeyam,2027,FQ1,226.0,180.0,100.0,0.158,Low,179.9,0.0,490.5,158.6
Sri Kandiyamman Fibres,Kangeyam,2027,FQ1,523.0,470.0,71.319,0.15,Low,469.8,0.0,1280.9,416.8
Om Sakthi Fiber,Peravurani,2027,FQ1,24.0,133.75,100.0,0.129,Low,156.0,0.0,425.2,140.2
